pickNumber,openedAt,name,randomnessLevel,candidates,bookmarkPrefEnabled,recencyWindow,recencyPenalised,weightMin,weightMax,weightMean,weightMedian,bookmarkedCount,bookmarkedMean,unbookmarkedCount,unbookmarkedMean,chosenWeight,chosenOrderScore,chosenMemoryFactor,chosenColorStreakFactor,chosenFolderStreakFactor,chosenBookmarkColor,chosenBookmarkGlobal
"1","2026-05-21T18:28:44.859Z","File 315","50","450","true","84","0","1","2.8538887465271525","1.2104695979198195","1","59","2.5171541729810203","391","1.0132972451612237","1.0000000000926828","5.931689571912776e-10","1","1","1","","false"
"2","2026-05-21T18:28:47.660Z","File 147","50","450","true","84","1","0","2.502776236422935","0.9766782265152255","1.0011104945120803","59","2.1254299286539147","391","0.8033371768318919","1.0011104945120803","1.845061240276181e-18","1","1","1","","false"
"3","2026-05-21T18:29:28.100Z","File 105","50","450","true","84","2","0","2.505553016488599","1.0234724803487845","1.002219758558194","59","2.185765339868948","391","0.8480881358176114","0.8017758068465553","7.877577482615241e-73","1","1","0.8","","false"
"4","2026-05-21T18:29:30.171Z","File 018","50","450","true","84","3","0","2.7548341489463515","0.9485415735651035","1.003327796219494","59","2.074697123561907","391","0.7786101734377084","2.508319490548735","1.1947555724776326e-44","1","1","1","#6BCB77","true"
"5","2026-05-21T18:29:31.960Z","File 340","50","450","true","84","4","0","2.5110865803730027","0.9306948236971062","0.806210310009054","59","1.3307288928219947","391","0.8703316265657263","0.8035476892436995","1.360372857368729e-158","1","1","0.8","","false"
"6","2026-05-21T18:29:33.549Z","File 346","50","450","true","84","4","0","2.5138505214997258","0.9083904743496015","1.0055402085998904","59","1.6729651336030167","391","0.7930198735926923","0.5714464137486256","0.8742134361460325","1","1","0.5","","false"
"7","2026-05-21T18:29:35.012Z","File 282","50","450","true","84","5","0","2.516611478423583","0.908331857149091","1.0066445913694333","59","1.676018008891154","391","0.7924917472954299","1.0066445913694333","3.395167399186634e-149","1","1","1","","false"
"8","2026-05-21T18:29:37.945Z","File 165","50","450","true","84","6","0","2.5193694096384958","1.0345434030392284","1.0077477638553982","59","2.1613995162387374","391","0.8645062913288215","0.8061982360985129","1.9857504150120978e-7","1","1","0.8","","false"
"9","2026-05-21T18:29:39.277Z","File 153","50","450","true","84","7","0","2.522124325070259","0.9461482247292071","1.0088497300281036","59","2.051279561233798","391","0.779389276254092","1.2610621625351295","4.0793879955370305e-224","1","1","0.5","#6BCB77","true"
"10","2026-05-21T18:29:40.880Z","File 058","50","450","true","84","8","0","2.5248762345905194","0.835788569432331","1.0099504938362078","59","1.1990409657015837","391","0.7809755480004001","1.10920722804596","0.6289843936107192","1","1","1","","false"
"11","2026-05-21T18:29:44.277Z","File 322","50","450","true","84","8","0","2.5735885670396437","1.0449586560410262","1.0110500592068734","59","1.8676520561265808","391","0.920818219710981","1.032429863289554","0.1353352832366127","1","1","1","","false"
"12","2026-05-21T18:29:46.624Z","File 196","50","450","true","84","9","0","2.5303710751148296","0.9727438438021367","1.0121484300459318","59","1.7092066084258666","391","0.8616151913397285","1.0121484300459318","8.378942533819369e-126","1","1","1","","false"
"13","2026-05-21T18:29:48.952Z","File 242","50","450","true","84","10","0","2.5614581096888833","1.1117151642988545","1.0132456102380443","59","2.2028673222964974","391","0.9470656059309265","1.0132456102380443","2.307758638989672e-191","1","1","1","","false"
"14","2026-05-21T18:29:50.338Z","File 302","50","450","true","84","11","0","2.5358540151516884","1.0539802641067058","1.0143416036468627","59","2.161661502079825","391","0.886836547890812","1.0143416036468627","3.3483588443145047e-118","1","1","1","","false"
"15","2026-05-21T18:29:51.737Z","File 423","50","450","true","84","12","0","2.5385910352879693","0.9143772517586586","0.8123491312964142","59","1.9654846233442562","391","0.7557702570692718","1.0154364141151877","5.4199685853026005e-202","1","1","1","","false"
"16","2026-05-21T18:29:54.041Z","File 060","50","450","true","84","13","0","2.6343474627357804","1.0708146240308363","1.0165300454651272","59","2.3067719083052847","391","0.8843146757643594","1.1235259407211635","0.6736384553447268","1","1","1","","false"
"17","2026-05-21T18:29:56.297Z","File 324","50","450","true","84","14","0","2.940475978898414","1.0589072365590042","1.0176225014982498","59","2.3577109606603974","391","0.8629240659145486","0.8140980011985999","2.0520357625786424e-24","1","1","0.8","","false"
"18","2026-05-21T18:29:57.622Z","File 172","50","450","true","84","15","0","2.546784487420297","0.9488151112299145","1.0187137859957416","59","2.1343546974160454","391","0.7699229486084836","1.0187137859957416","4.7841258551368005e-19","1","1","1","","false"
"19","2026-05-21T18:29:59.000Z","File 360","50","450","true","84","16","0","2.54974882103862","0.9947262735349065","0.8158431221748457","59","2.192111500538641","391","0.814046661276035","1.019803902718557","8.392845279408132e-22","1","1","1","","false"
"20","2026-05-21T18:30:00.664Z","File 357","50","450","true","84","17","0","2.552246835999524","1.0283435667695542","0.8167142843260562","59","2.1591632342015097","391","0.8577083739857044","2.5522321385189257","1.689232935218867e-233","1","1","1","#FF6B6B","true"
"21","2026-05-21T18:30:02.785Z","File 062","50","450","true","84","18","0","2.954162809999833","1.056922810622769","1.021980647783726","59","1.9132388844420356","391","0.9277088762101452","1.021980647783726","8.993988000009468e-33","1","1","1","","false"
"22","2026-05-21T18:30:05.390Z","File 371","50","450","true","84","18","0","2.952942265753594","1.0935809024966696","1.023067283548187","59","2.206325060492606","391","0.9256732162517576","1.023067283548187","5.639672725316655e-36","1","1","1","","false"
"23","2026-05-21T18:30:06.864Z","File 168","50","450","true","84","19","0","2.5619285147083333","0.9126782206840928","1.0241527663824812","59","1.9251468505376301","391","0.7599016243634812","1.0241527663824812","8.894708843159519e-26","1","1","1","","false"
"24","2026-05-21T18:30:09.352Z","File 129","50","450","true","84","20","0","2.5670711308261414","1.0262908536321853","1.0252370999486466","59","2.1118750077116637","391","0.8624814799987088","0.8201896799589173","8.473258865086969e-51","1","1","0.8","","false"
"25","2026-05-21T18:30:10.900Z","File 299","50","450","true","84","21","0","2.9623316130274735","0.950024198516785","1.0263202878893767","59","2.072324368855057","391","0.7806745564452754","1.0263202878893767","1.64549476462331e-60","1","1","1","","false"
"26","2026-05-21T18:30:12.546Z","File 151","50","450","true","84","22","0","2.568520625765965","0.9879943825174341","0.8219350785338606","59","2.107842011033726","391","0.8190148170891434","0.8219218670625303","1.6678683245290195e-70","1","1","0.8","","false"
"27","2026-05-21T18:30:14.004Z","File 042","50","450","true","84","23","0","2.97295936958352","0.9337281652096554","1.028483241369434","59","2.1061577133746674","391","0.7568142436195388","1.028483241369434","1.1055108189265407e-173","1","1","1","","false"
"28","2026-05-21T18:30:16.440Z","File 344","50","450","true","84","24","0","2.583310758883588","1.018346636252752","0.82365041127896","59","2.291366377536172","391","0.8262541433225189","0.82365041127896","9.363443182042239e-114","1","1","0.8","","false"
"29","2026-05-21T18:30:18.073Z","File 107","50","450","true","84","25","0","2.5773280707791324","0.9916292480237845","0.8245133244661498","59","2.20402464958161","391","0.8086846733641613","1.288302069478359","6.096542709417836e-205","1","1","0.5","#6BCB77","true"
"30","2026-05-21T18:30:19.449Z","File 089","50","450","true","84","26","0","2.579297925002171","0.9557437333343564","1.0317191693694774","59","1.397550887449871","391","0.8890771806673108","1.0317191693694774","2.8572480028983273e-81","1","1","1","","false"
"31","2026-05-21T18:30:21.059Z","File 217","50","450","true","84","26","0","2.7478462989878114","0.8760622073017005","0.8649662806529896","59","1.6587438190827208","391","0.7579593553961237","1.0327955589886444","3.1111068039377966e-194","1","1","1","","false"
"32","2026-05-21T18:30:23.138Z","File 352","50","450","true","84","27","0","2.6573798935299364","0.9266549507921807","0.8270966623611106","59","1.6779538564529937","391","0.8132875967410612","0.8270966623611106","1.211296372032443e-133","1","1","0.8","","false"
"33","2026-05-21T18:30:24.502Z","File 418","50","450","true","84","28","0","2.6163135420259533","0.9776405408600646","0.8279559838005346","59","2.1441565594234593","391","0.8016189421510124","1.0349471100221925","0.000013173393776587542","1","1","1","","false"
"34","2026-05-21T18:30:26.751Z","File 224","50","450","true","84","29","0","2.9947395828804266","1.0938975812871168","1.0360180178613367","59","2.3620224743007214","391","0.9025436971750911","1.0360180178613367","8.391396112704028e-56","1","1","1","","false"
"35","2026-05-21T18:30:28.260Z","File 259","50","450","true","84","30","0","2.5927248643506746","0.9157306130866064","0.8296719565922159","59","2.065974689863575","391","0.7421643713223071","0.5352295014295919","0.20592424643419874","1","1","0.5","","false"
"36","2026-05-21T18:30:29.640Z","File 194","50","450","true","84","31","0","2.5954019170687364","0.948745060302732","1.0381607668264958","59","2.1401054313866092","391","0.7689745695253751","2.5954019170662397","2.6023506780973937e-50","1","1","1","#FF6B6B","true"
"37","2026-05-21T18:30:31.687Z","File 003","50","450","true","84","32","0","2.6151025380774997","0.9874366579151975","1.0392304845413265","59","1.7487498729017683","391","0.8725581932497044","2.078460969082653","6.019436551453892e-42","1","1","0.8","#6BCB77","true"
"38","2026-05-21T18:30:33.071Z","File 006","50","450","true","84","32","0","1.9866680198831164","0.8058798980439308","1.0402991022884822","59","0.9995979047611567","391","0.7766487921709986","1.820523429004844","7.155050254524108e-172","1","0.7","1","#FF6B6B","true"
"39","2026-05-21T18:30:34.872Z","File 228","50","450","true","84","32","0","2.104032546241389","0.9163212377678943","0.8330932987633766","59","1.3812020474560964","391","0.8461729825975516","1.457913272835909","5.8994646631103935e-34","1","0.7","0.8","#6BCB77","true"
"40","2026-05-21T18:30:36.475Z","File 235","50","450","true","84","32","0","1.8242578399630538","0.7981641787894238","0.9641269270222255","59","1.0285466973924706","391","0.7634005762380692","1.0424330514074593","2.3532430459688744e-34","1","1","1","","false"
"41","2026-05-21T18:30:37.869Z","File 056","50","450","true","84","32","0","1.8267880224273771","0.9025148859671339","0.8347987115999216","59","1.526996682619711","391","0.8082836174185307","1.043498389499902","3.572816313923356e-21","1","1","1","","false"
"42","2026-05-21T18:30:39.635Z","File 348","50","450","true","84","33","0","2.652019109115249","0.9852180515977196","0.835650112852928","59","1.8239056648154741","391","0.8586641662272668","0.835650112852928","2.3482727515341974e-69","1","1","0.8","","false"
"43","2026-05-21T18:30:40.960Z","File 331","50","450","true","84","34","0","2.614064523559687","0.920635217382916","0.8365013622883998","59","2.0677768180055587","391","0.7475371241943325","0.8365006475390999","9.277785155837362e-17","1","1","0.8","","false"
"44","2026-05-21T18:30:42.371Z","File 141","50","450","true","84","35","0","2.6199542391432185","1.0015723777170085","0.837350318299071","59","2.196665191081793","391","0.8212386795366499","2.0933757957476775","1.1866594142607253e-80","1","1","0.8","#6BCB77","true"
"45","2026-05-21T18:30:43.745Z","File 006","50","450","true","84","36","0","2.619372274250285","0.8108680492375899","0.8381991277600913","59","1.1975241052426924","391","0.7525235292777459","1.8521758975744058","4.362407702468618e-140","1","1","1","#FF6B6B","true"
"46","2026-05-21T18:30:45.439Z","File 366","50","450","true","84","36","0","2.1190692131232414","0.8992960704968153","0.8390470785361214","59","1.3914966029714044","391","0.8250254019136938","0.8390470785361214","1.0116158122458508e-141","1","1","0.8","","false"
"47","2026-05-21T18:30:46.867Z","File 171","50","450","true","84","36","0","1.841691855770864","0.9026092258589284","0.8398941732279266","59","1.5284220930769274","391","0.8081771052301265","0.9186342519680447","4.0793879955370305e-224","1","0.7","0.5","#6BCB77","true"
"48","2026-05-21T18:30:48.353Z","File 426","50","450","true","84","37","0","1.83917237329045","0.9210032259474087","1.050925518028963","59","1.1480966265663035","391","0.8867359353169354","1.050925518028963","2.0375874600893606e-176","1","1","1","","false"
"49","2026-05-21T18:30:49.753Z","File 025","50","450","true","84","37","0","2.6299556396765835","0.8663934033223752","0.8599661915277645","59","1.626922898383602","391","0.7516331981852542","1.8409689477736084","9.717841933081655e-44","1","0.7","1","#6BCB77","true"
"50","2026-05-21T18:30:51.409Z","File 357","50","450","true","84","38","0","2.632594833155219","0.9048132784948555","0.8424303466096701","59","1.2446476806972533","391","0.8535339185717323","2.1452951699285876","0.9756109800648459","1","1","1","#FF6B6B","true"
"51","2026-05-21T18:30:53.044Z","File 192","50","450","true","84","38","0","2.1328904009989853","0.9355888661979993","1.0540925533894598","59","1.3637514523032876","391","0.8709812125401679","1.0540925533894598","3.780783434722539e-225","1","1","1","","false"
"52","2026-05-21T18:30:55.184Z","File 438","50","450","true","84","38","0","1.853251524793805","1.012707200208406","1.055146119422961","59","1.5068045882307406","391","0.9381503053405841","1.055146119422961","4.362407702468618e-140","1","1","1","","false"
"53","2026-05-21T18:30:56.699Z","File 430","50","450","true","84","39","0","2.7937398294842537","0.9024728590748301","1.0561986345169907","59","1.8148697081214709","391","0.764796608195669","1.0561986345169907","1.190574303277897e-67","1","1","1","","false"
"54","2026-05-21T18:30:58.927Z","File 311","50","450","true","84","40","0","3.046041195150912","1.0266714983704592","0.9515250916296294","59","2.2385188983462068","391","0.8438096144866492","0.8458000814481977","2.1633848231750303e-42","1","1","0.8","","false"
"55","2026-05-21T18:31:00.682Z","File 223","50","450","true","84","41","0","2.6457513113098066","0.9374003508912767","1.0583005244258363","59","2.112055867864472","391","0.7601505414247361","1.0583005244258363","4.003234576531253e-26","1","1","1","","false"
"56","2026-05-21T18:31:02.279Z","File 187","50","450","true","84","42","0","2.6535084741359567","0.9864450836003289","0.8474799243771042","59","2.177148751520465","391","0.8067736861392326","0.8474799243771042","8.225508999522387e-79","1","1","0.8","","false"
"57","2026-05-21T18:31:03.727Z","File 277","50","450","true","84","43","0","3.064078842433468","0.9243456227709494","0.8483185984312995","59","2.067695356801108","391","0.7518197038252231","1.0603982480391243","1.1406728387838473e-236","1","1","1","","false"
"58","2026-05-21T18:31:05.460Z","File 126","50","450","true","84","44","0","2.6536138880151094","0.9788023112411478","0.8491564870126734","59","2.079033577262747","391","0.8127827595908287","0.8558442853330457","0.05040553336275365","1","1","0.8","","false"
"59","2026-05-21T18:31:07.087Z","File 024","50","450","true","84","45","0","2.6562295750848715","0.9297539920193192","1.0063849574111154","59","2.0718033305501726","391","0.7574242964353824","1.0624918300339485","2.3673645159009426e-127","1","1","1","","false"
"60","2026-05-21T18:31:09.192Z","File 002","50","450","true","84","46","0","2.65884268892397","1.0205994301165098","0.8508297344472823","59","2.1237658331143034","391","0.8541369805592971","0.8508296604556703","2.149080083801591e-109","1","1","0.8","","false"
"61","2026-05-21T18:31:11.421Z","File 394","50","450","true","84","47","0","2.959833284492281","0.9420534145515157","1.0645812948447542","59","2.0717481095892274","391","0.7715879746353407","1.0645812958748857","6.192897130180725e-9","1","1","1","","false"
"62","2026-05-21T18:31:13.152Z","File 429","50","450","true","84","48","0","2.729212620410118","0.9873368169278347","0.8524995927011084","59","2.1338642875394105","391","0.8143313929736603","2.131248981753176","1.2167445204274551e-12","1","1","0.8","#6BCB77","true"
"63","2026-05-21T18:31:14.797Z","File 105","50","450","true","84","49","0","2.6666666666666665","0.9009161064337707","0.8533333333333334","59","1.2491072738644922","391","0.8483757512460157","0.3282948761983069","9.53704340010471e-24","0.5440770309108303","1","0.8","","false"
"64","2026-05-21T18:31:16.624Z","File 111","50","450","true","84","48","0","2.931602203237832","0.8600165569734024","0.854166260162505","59","1.5947421962524744","391","0.7491500282842368","1.523559673463098","0.9059551911095096","1","1","0.5","#FF6B6B","true"
"65","2026-05-21T18:31:18.412Z","File 041","50","450","true","84","49","0","1.9788537597626752","0.8402027200646496","1.0687479694587598","59","1.2642245182567855","391","0.7762198911814406","1.0687479694587598","4.264084806803333e-180","1","1","1","","false"
"66","2026-05-21T18:31:22.426Z","File 103","50","450","true","84","49","0","2.6750436118102323","1.0158517354309198","1.0697871023920809","59","2.126372544163936","391","0.8482795417857856","0.8558296819137583","7.009901362990428e-13","1","1","0.8","","false"
"67","2026-05-21T18:31:26.762Z","File 318","50","450","true","84","50","0","2.7631993478063896","0.918014690347367","1.02573646825857","59","1.9422745991485095","391","0.7634588473313406","2.006451180639054","0.4525455123979103","1","0.7","1","#FF6B6B","true"
"68","2026-05-21T18:31:29.323Z","File 185","50","450","true","84","51","0","2.679655865135588","0.9424032024045972","0.8575290144365629","59","1.7499650367839887","391","0.8205460458102676","2.143725178220918","0.000001451268288190637","1","1","0.8","#6BCB77","true"
"69","2026-05-21T18:31:31.126Z","File 010","50","450","true","84","51","0","1.877572309600293","0.7861801303053367","0.8583187701029911","59","0.9790408056165089","391","0.7570783915755167","1.0728984626287388","5.9687427323676504e-182","1","1","1","","false"
"70","2026-05-21T18:31:33.607Z","File 377","50","450","true","84","51","0","1.8793837642518179","0.9617797276012312","0.9564590586382682","59","1.577131819836026","391","0.8689260870849853","0.859146863657974","4.154887237643263e-45","1","1","0.8","","false"
"71","2026-05-21T18:31:35.212Z","File 449","50","450","true","84","52","0","2.6874192494328497","0.8915564498850113","1.0749676997731399","59","1.6599334108384818","391","0.7756121002782224","0.5390822600727252","0.019032804787628355","1","1","0.5","","false"
"72","2026-05-21T18:31:36.662Z","File 209","50","450","true","84","53","0","3.026562263320611","0.9543493329909274","1.0760008261045981","59","2.116474056026463","391","0.7789903594382562","1.0760008261045981","8.391396112704028e-56","1","1","1","","false"
"73","2026-05-21T18:31:38.904Z","File 370","50","450","true","84","54","0","3.113298404124635","1.009125911053876","0.861626369141522","59","2.1605496367162353","391","0.8353816660050802","2.938312831816262","0.5840767356683737","1","1","1","#6BCB77","true"
"74","2026-05-21T18:31:41.301Z","File 106","50","450","true","84","55","0","2.6951602714660385","0.8994923637394799","0.8624512868691323","59","1.2086993396074317","391","0.8528345336212967","0.8624512868691323","9.53704340010471e-24","1","1","0.8","","false"
"75","2026-05-21T18:31:42.692Z","File 358","50","450","true","84","55","0","2.697735676039774","0.8603095916279783","0.8632754163327278","59","1.5669093235932505","391","0.7536871256792548","0.5395471352079548","3.011554281394852e-20","1","1","0.5","","false"
"76","2026-05-21T18:31:44.259Z","File 329","50","450","true","84","56","0","2.700308624336609","0.8814758953769626","1.0801234497346435","59","1.612055053290137","391","0.7712350505767691","0.5400617248673217","5.736303532097832e-218","1","1","0.5","","false"
"77","2026-05-21T18:31:45.666Z","File 305","50","450","true","84","57","0","2.702920571767063","0.9517675107684196","1.081151649348457","59","2.1100204126356163","391","0.7769927762155748","1.081151649348457","1.748542550635868e-16","1","1","1","","false"
"78","2026-05-21T18:31:47.057Z","File 272","50","450","true","84","58","0","2.709646520759292","0.9962833992244409","0.8657430976398894","59","2.1670792967118526","391","0.8196159875831208","2.7054471801246542","1.3398148723563832e-74","1","1","1","#6BCB77","true"
"79","2026-05-21T18:31:49.316Z","File 274","50","450","true","84","59","0","2.7080128015453204","0.861367380925867","0.8665640964945025","59","1.1967286296815414","391","0.810762998121303","0.5416914396006723","0.001050267314039633","1","1","0.5","","false"
"80","2026-05-21T18:31:51.620Z","File 121","50","450","true","84","59","0","2.715830278239669","0.9998765501078385","1.0842303978193728","59","1.7525369915918445","391","0.8863037469171541","1.0859133184102165","0.009933951126127926","1","1","1","","false"
"81","2026-05-21T18:31:53.200Z","File 030","50","450","true","84","60","0","2.7131367660166177","0.871062444412863","0.9495978681769923","59","1.6191691563201849","391","0.7581767768872052","1.0852547064066471","3.2566448778837064e-121","1","1","1","","false"
"82","2026-05-21T18:31:55.092Z","File 414","50","450","true","84","61","0","3.1388599457453608","1.0209673478377168","0.8690224392961474","59","2.1248804895293167","391","0.8543922190402636","3.1388599457453608","0.9972602756886734","1","1","1","#FF6B6B","true"
"83","2026-05-21T18:31:57.225Z","File 261","50","450","true","84","62","0","3.141814167524683","0.9930539945257362","0.8698937144323242","59","1.849812898152962","391","0.8637732392469486","1.0873004286866728","2.9651365051477474e-28","1","1","1","","false"
"84","2026-05-21T18:31:59.471Z","File 200","50","450","true","84","62","0","2.720804619552515","1.0435265082623952","1.088321847820967","59","2.003727241299652","391","0.8986368835841384","0.5441609239104835","9.89811207345905e-238","1","1","0.5","","false"
"85","2026-05-21T18:32:01.775Z","File 350","50","450","true","84","63","0","2.723355773061366","1.057562844537224","1.0893423092245462","59","2.073453337900896","391","0.9042699056409145","0.8714738473796371","6.150552728194463e-216","1","1","0.8","","false"
"86","2026-05-21T18:32:04.167Z","File 011","50","450","true","84","64","0","3.150660212720749","1.1115657846039788","1.0903618155864083","59","2.3581044483611926","391","0.9234691575920213","1.0903618155874575","6.156928562572953e-12","1","1","1","","false"
"87","2026-05-21T18:32:06.604Z","File 237","50","450","true","84","65","0","3.1443738427045136","1.0869012294568166","1.0913803695829933","59","2.379298713534593","391","0.8918847293018541","0.8732128998398428","0.0007960866914957304","1","1","0.8","","false"
"88","2026-05-21T18:32:08.985Z","File 069","50","450","true","84","66","0","3.1565438036767435","1.066775330976352","1.0923979738782625","59","2.261389030130529","391","0.8865139288021934","0.87391837910262","7.310251818545042e-14","1","1","0.8","","false"
"89","2026-05-21T18:32:11.555Z","File 335","50","450","true","84","67","0","2.7335784963345406","1.0963442777756558","1.0934146311237816","59","2.391730047746067","391","0.9008768598005821","1.0934146311237816","6.071714911994166e-87","1","1","1","","false"
"90","2026-05-21T18:32:13.333Z","File 116","50","450","true","84","68","0","2.7377285865797973","1.0347567438379226","1.0944303439588003","59","2.2297098720769206","391","0.8544441234642637","1.0944303439588003","4.408531331463226e-71","1","1","1","","false"
"91","2026-05-21T18:32:15.286Z","File 095","50","450","true","84","69","0","3.0456433232887856","0.9050687814515398","0.8763560920082658","59","2.0642620040515816","391","0.7301521570694395","0.8763560920082658","1.5548863390650064e-27","1","1","0.8","","false"
"92","2026-05-21T18:32:33.621Z","File 412","50","450","true","84","70","0","2.7411473672333875","0.9948905564721348","0.8771671575145881","59","2.168465376791026","391","0.8178038188792586","2.7411473672330877","2.03917141986685e-23","1","1","1","#6BCB77","true"
"93","2026-05-21T18:32:35.814Z","File 360","50","450","true","84","71","0","3.1184548517179764","0.8977741011755086","0.8779774737682309","59","1.2884419636620457","391","0.8388242191123241","0.49400205294434296","0.00001866446911352057","0.6365742963376139","1","1","","false"
"94","2026-05-21T18:32:37.958Z","File 304","50","450","true","84","70","0","2.7462095088806797","1.0270043414514018","1.098483803552272","59","1.781460208114865","391","0.9131606173257151","1.098483803552272","8.997383762131074e-54","1","1","1","","false"
"95","2026-05-21T18:32:41.095Z","File 180","50","450","true","84","71","0","2.748737083745107","0.8674997529432608","0.9208269230546109","59","1.5937878309338167","391","0.75790641125159","2.748737083745107","2.7487850079102147e-43","1","1","1","#FF6B6B","true"
"96","2026-05-21T18:32:43.609Z","File 258","50","450","true","84","72","0","2.7546631374055637","0.9616720342601139","0.8804039476924088","59","1.6429717448320038","391","0.8588672185983712","0.8804039476916895","3.859363840959587e-83","1","1","0.8","","false"
"97","2026-05-21T18:32:45.972Z","File 177","50","450","true","84","72","0","2.7537852736432242","0.9020472553382194","1.1015141094572205","59","1.8223052874311405","391","0.7631847901374929","2.753785273643051","2.1887354977606364e-36","1","1","1","#6BCB77","true"
"98","2026-05-21T18:32:48.241Z","File 074","50","450","true","84","73","0","1.9294141309964834","0.8348919733459825","0.8820178884555322","59","1.0031404453605812","391","0.8095040964946746","1.1025223605694152","2.8301319238613162e-52","1","1","1","","false"
"99","2026-05-21T18:32:50.098Z","File 193","50","450","true","84","73","0","2.758827008847114","0.9446333929374137","0.8828237523864989","59","1.7685316955627428","391","0.8203111426691425","2.758824226207808","1.0789636549750164e-129","1","1","1","#FF6B6B","true"
"100","2026-05-21T18:32:52.386Z","File 008","50","450","true","84","74","0","1.9434209204737218","0.9500235516302951","1.104536101718726","59","1.2913665131377452","391","0.8985165574386329","1.104536101718726","1.4708739760456426e-33","1","1","1","","false"
"101","2026-05-21T18:32:54.876Z","File 012","50","450","true","84","74","0","2.8926470384113414","1.0970736411498376","1.1055415967851334","59","2.139944073046145","391","0.9397095606335135","1.1055415967851334","2.649330650963035e-86","1","1","1","","false"
"102","2026-05-21T18:32:56.902Z","File 312","50","450","true","84","75","0","2.771727873536238","1.0910110193484053","1.1065461781798556","59","2.1261145426857597","391","0.9348189275916158","1.1065461781798556","7.550359258120274e-133","1","1","1","","false"
"103","2026-05-21T18:32:58.692Z","File 032","50","450","true","84","76","0","2.7688746210693265","0.9337331080126798","1.1075498483890767","59","2.0711817555765286","391","0.7620976343393677","0.8860398787112613","3.5936885855164955e-18","1","1","0.8","","false"
"104","2026-05-21T18:33:00.618Z","File 366","50","450","true","84","77","0","2.786411327083957","1.0548226273870733","1.108552609887726","59","2.291473690055042","391","0.8682179913323173","0.4187662608351856","0.116380343016648","0.5246913714526441","1","1","","false"
"105","2026-05-21T18:33:02.297Z","File 359","50","450","true","84","77","0","2.7773149287458736","0.9839653075911501","0.8876435721116395","59","2.1397736170148547","391","0.8095594501589307","1.1095544714920043","3.664147475778385e-8","1","1","1","","false"
"106","2026-05-21T18:33:04.967Z","File 167","50","450","true","84","78","0","3.209010729353592","1.1027704825442186","1.1105554165971787","59","2.372517711600137","391","0.9111717958068802","2.776388541492947","4.377491037053051e-223","1","1","1","#6BCB77","true"
"107","2026-05-21T18:33:07.449Z","File 435","50","450","true","84","79","0","2.7788886667912394","0.9499194370395029","1.1115554667022045","59","1.2261409924992377","391","0.9082389465737107","1.1115554667022045","5.0932946690669994e-145","1","1","1","","false"
"108","2026-05-21T18:33:09.809Z","File 213","50","450","true","84","79","0","2.7813865447131065","0.8609406726666401","0.8900436943081941","59","1.5343130066088362","391","0.7593320596165422","1.1125546178852426","2.037009309901402e-73","1","1","1","","false"
"109","2026-05-21T18:33:12.455Z","File 383","50","450","true","84","80","0","2.783882181415011","0.925499755945987","0.8908422980528036","59","1.5748099567384184","391","0.8275220018622181","0.8908422980528036","2.7225707105541237e-55","1","1","0.8","","false"
"110","2026-05-21T18:33:14.652Z","File 195","50","450","true","84","81","0","2.7869755342645703","0.9155758471173019","0.8916401865226927","59","1.9966527708010067","391","0.752446592648406","2.786375582883415","1.8025685100018627e-30","1","1","1","#6BCB77","true"
"111","2026-05-21T18:33:17.231Z","File 368","50","450","true","84","82","0","2.7888667568203145","0.8839939513933457","0.8924373616363473","59","1.1343341302742171","391","0.8462188348870249","0.8924373616363473","3.3483588443145047e-118","1","1","0.8","","false"
"112","2026-05-21T18:33:19.727Z","File 093","50","450","true","84","81","0","2.7913557040740375","0.8690760335466993","0.976974496425913","59","1.5434482190376695","391","0.7673165477565012","1.11694939535747","0.002333568465019671","1","1","1","","false"
"113","2026-05-21T18:33:21.590Z","File 030","50","450","true","84","81","0","2.7938424357067015","0.9188198780256988","0.8940295794261446","59","1.6186169493673237","391","0.8132239005086722","0.2880664803754406","1.0095812067304675e-29","0.36454053224818184","1","1","","false"
"114","2026-05-21T18:33:23.812Z","File 393","50","450","true","84","81","0","2.796326955928661","1.0148816436876094","0.8948246258966676","59","2.0988144036171392","391","0.8513214574066829","0.8948246258966676","9.486285672484671e-185","1","1","0.8","","false"
"115","2026-05-21T18:33:25.678Z","File 126","50","450","true","84","81","0","2.842336256976978","1.0682642355803136","1.1195237082497778","59","2.230082138256156","391","0.8929515597289716","0.4153576556497185","7.841433258596573e-57","0.5246913714526441","1","1","","false"
"116","2026-05-21T18:33:27.795Z","File 249","50","450","true","84","80","0","3.2377916708227126","0.9105519683969229","0.8964126034118194","59","1.9796848858273457","391","0.7492250064317184","0.5603498178411035","0.001050267314039633","1","1","0.5","","false"
"117","2026-05-21T18:33:29.940Z","File 070","50","450","true","84","80","0","2.803767306876787","0.9153023020837945","0.8972055382005719","59","2.013184811241241","391","0.7496371664308802","1.1215069227507148","1.2569662713841277e-186","1","1","1","","false"
"118","2026-05-21T18:33:32.723Z","File 429","50","450","true","84","80","0","2.8063020366272364","1.0415274932198373","0.8982581634985003","59","2.291353925753608","391","0.8529347578758674","1.984313483298443","2.980142058294473e-178","1","1","1","#6BCB77","true"
"119","2026-05-21T18:33:35.211Z","File 163","50","450","true","84","81","0","2.8087165910587863","0.9118614337498243","0.8987893091388117","59","1.2363100704391037","391","0.8629037110780396","1.1234866364235145","3.1945265128856125e-227","1","0.4","1","#6BCB77","true"
"120","2026-05-21T18:33:37.561Z","File 141","50","450","true","84","81","0","3.048121698835557","0.9455007032173675","1.1244751862288667","59","1.2814821309466746","391","0.8948027384193388","0.7951240294584375","8.836309217492346e-52","1","0.4","1","#6BCB77","true"
"121","2026-05-21T18:33:39.691Z","File 071","50","450","true","84","81","0","2.8136571693556887","0.80003377978539","0.7958224257542215","59","1.0981646234570495","391","0.7550472841929926","1.300834650517592","0.9972602756886734","1","1","1","","false"
"122","2026-05-21T18:33:41.762Z","File 395","50","450","true","84","80","0","2.8161242081193008","0.9931511761674613","0.9112432041059766","59","1.7483669322456354","391","0.8791927884216527","0.9011597465981762","4.336214448012003e-23","1","1","0.8","","false"
"123","2026-05-21T18:33:44.228Z","File 194","50","450","true","84","80","0","2.8185890875479602","0.8901938635174592","1.127435635019184","59","1.6238411471085452","391","0.7794900534615149","1.9930434571835662","2.3696901116650924e-29","1","1","1","#FF6B6B","true"
"124","2026-05-21T18:33:47.333Z","File 402","50","450","true","84","81","0","2.821052749988857","0.9793062494425643","0.9027365802565739","59","1.682812174585893","391","0.8731506239094274","0.9027365802565739","2.8857130027271003e-131","1","1","0.8","","false"
"125","2026-05-21T18:33:48.950Z","File 303","50","450","true","84","80","0","2.892563268739576","0.9061676136616746","0.9882293368556826","59","1.7912580469211548","391","0.7726117682337696","1.1294049566784408","1.541038452686095e-9","1","1","1","","false"
"126","2026-05-21T18:33:50.902Z","File 225","50","450","true","84","80","0","2.825970826302504","0.9508444318657372","0.9043106644167024","59","1.8335115160506457","391","0.8176542580373247","0.9043106644167024","2.129672289699038e-84","1","1","0.8","","false"
"127","2026-05-21T18:33:52.507Z","File 298","50","450","true","84","80","0","2.82842712474619","0.9171254432496442","0.9050966799187808","59","1.9958848588256588","391","0.7543458894926496","0.9050966799187808","4.154887237643263e-45","1","1","0.8","","false"
"128","2026-05-21T18:33:54.390Z","File 382","50","450","true","84","80","0","2.8494332918798744","0.9975352322023687","0.9058820134113615","59","2.1310024550900004","391","0.8265005361656126","1.1323525167642148","7.310251818545042e-14","1","1","1","","false"
"129","2026-05-21T18:33:56.375Z","File 416","50","450","true","84","80","0","2.833333333757762","1.0169100624985254","0.9066666666666667","59","2.0869652180403375","391","0.8554439392837763","1.1333333333333333","1.904436223412861e-232","1","1","1","","false"
"130","2026-05-21T18:33:58.799Z","File 236","50","450","true","84","80","0","3.259845275451517","1.1039602369979815","1.1343133018115703","59","2.3048498788212592","391","0.9227518255719628","1.1343133018115703","1.3930427706191224e-61","1","1","1","","false"
"131","2026-05-21T18:34:00.760Z","File 265","50","450","true","84","80","0","2.838231060987736","0.9287569721956322","0.9082339395160747","59","1.9987750901873764","391","0.7672964377672057","2.838231060987733","6.620376209679293e-212","1","1","1","#6BCB77","true"
"132","2026-05-21T18:34:03.179Z","File 206","50","450","true","84","81","0","2.840676758176552","0.8842406369604076","0.9090165626165344","59","1.1888344380377585","391","0.8382789125011659","0.9091657361139398","0.001050267314039633","1","1","0.8","","false"
"133","2026-05-21T18:34:05.353Z","File 424","50","450","true","84","81","0","2.843120351538664","0.867684711247215","0.9097985124923724","59","1.5718385452216335","391","0.7614313194198756","0.5686240703077328","9.277785155837362e-17","1","1","0.5","","false"
"134","2026-05-21T18:34:07.511Z","File 044","50","450","true","84","81","0","2.8455618464939785","0.8655269925318813","0.9105797908780732","59","1.5637708224022941","391","0.7601653916051413","1.1382247385975914","1.3838965267367376e-87","1","1","1","","false"
"135","2026-05-21T18:34:10.607Z","File 183","50","450","true","84","81","0","2.88567406989032","1.0423944793946132","0.9113603995176972","59","2.282239064898057","391","0.855307956262384","2.848001248439177","1.8593461184682504e-120","1","1","1","#6BCB77","true"
"136","2026-05-21T18:34:12.377Z","File 215","50","450","true","84","82","0","2.8504984884312625","0.8665294937366449","0.9121403400793104","59","1.2467113195260644","391","0.8091619036558887","1.1402197415039068","0.0002487555724117367","1","1","1","","false"
"137","2026-05-21T18:34:14.598Z","File 335","50","450","true","84","81","0","2.85287388328773","1.010750532770821","1.141149517908246","59","1.7010057058802732","391","0.9065943813297522","0.29159819008473853","2.307758638989672e-191","0.4517178826149696","1","0.8","","false"
"138","2026-05-21T18:34:16.124Z","File 185","50","450","true","84","80","0","2.8553069498353025","1.0069419449308707","1.142122779934121","59","1.7388250212609537","391","0.8965043451777366","1.4133048346183337","9.090875955517147e-84","1","0.7","1","#6BCB77","true"
"139","2026-05-21T18:34:18.395Z","File 016","50","450","true","84","81","0","2.857738033247041","0.7946790540735866","0.7341481388436663","59","1.0919897037668196","391","0.7498163217669342","1.1430952132988164","2.4709735293016983e-177","1","1","1","","false"
"140","2026-05-21T18:34:20.391Z","File 297","50","450","true","84","80","0","2.860167050451535","0.9875812400996474","0.9152534560922941","59","1.7635527415562773","391","0.8704909112353478","0.9152534560922941","2.3532430459688744e-34","1","1","0.8","","false"
"141","2026-05-21T18:34:21.905Z","File 190","50","450","true","84","80","0","2.8625940062196116","0.8922386611097408","1.0019099607603348","59","1.6211562451535828","391","0.7822485397322816","2.003815804353728","1.6656929337885288e-41","1","0.7","1","#6BCB77","true"
"142","2026-05-21T18:34:24.235Z","File 048","50","450","true","84","81","0","2.8650189073813332","0.9165340867303232","0.9168060500091246","59","1.1827828649819772","391","0.8763584398841665","1.1460075625114057","9.335509037914797e-35","1","1","1","","false"
"143","2026-05-21T18:34:27.373Z","File 148","50","450","true","84","80","0","2.8674417625044817","0.963072489249713","0.9175813618178847","59","1.7111843161713158","391","0.850186049893257","1.1469767022723503","1.7290794230403477e-91","1","1","1","","false"
"144","2026-05-21T18:34:29.168Z","File 110","50","450","true","84","80","0","2.8698625596204277","0.9931290349325972","1.147945023848171","59","1.7287582386275353","391","0.8821261627637944","1.147945023848171","2.037009309901402e-73","1","1","1","","false"
"145","2026-05-21T18:34:31.476Z","File 189","50","450","true","84","80","0","3.2646230303304327","0.9084753632327259","0.9191300234460846","59","2.001047268181985","391","0.7436115719488223","2.8722813232690143","1.1496826996010091e-85","1","1","1","#6BCB77","true"
"146","2026-05-21T18:34:33.807Z","File 081","50","450","true","84","81","0","2.8746980518770515","0.8892499078767834","0.9199033765685516","59","1.1533908335804732","391","0.8493923257373497","1.1498792207106894","2.4891212533275478e-39","1","1","1","","false"
"147","2026-05-21T18:34:35.863Z","File 428","50","450","true","84","80","0","2.877112809263328","0.9987710507939223","0.9206772095091167","59","1.7252137377047434","391","0.889154379367479","1.1508451001088047","4.9014127942029796e-80","1","1","1","","false"
"148","2026-05-21T18:34:37.724Z","File 260","50","450","true","84","80","0","2.879525423861833","1.0639617689490346","1.1518101695447331","59","1.84159243292767","391","0.9466210805225911","1.1518101695447331","1.3930427706191224e-61","1","1","1","","false"
"149","2026-05-21T18:34:40.102Z","File 436","50","450","true","84","80","0","2.8819360777323446","1.0848977184170203","1.1527744310527055","59","2.235646258454857","391","0.9112553555980116","2.8819360776317637","2.0688977043129346e-65","1","1","1","#6BCB77","true"
"150","2026-05-21T18:34:41.996Z","File 365","50","450","true","84","81","0","2.88434471664613","0.8011421362989469","0.8158158833680278","59","1.1234035699127003","391","0.752514451942908","0.576868943329226","6.316561327177268e-215","1","1","0.5","","false"
"151","2026-05-21T18:34:43.532Z","File 045","50","450","true","84","80","0","2.8867513459481287","0.8635344905530519","0.8164966095590088","59","1.5454812426693196","391","0.7606320394664539","1.1547005383792515","3.2930184863086265e-63","1","1","1","","false"
"152","2026-05-21T18:34:47.029Z","File 349","50","450","true","84","80","0","3.0088065110367714","1.0180766480771863","1.1440473960655844","59","1.813151511263465","391","0.8981037147575182","1.617927343513574","8.739115667352219e-69","1","0.7","0.8","#6BCB77","true"
"153","2026-05-21T18:34:48.679Z","File 100","50","450","true","84","81","0","2.891558595482912","0.8332238564961005","0.8178562764256865","59","1.1717978661886717","391","0.7821346836780405","1.1568724777818993","0.0013780227127249342","1","1","1","","false"
"154","2026-05-21T18:34:50.491Z","File 019","50","450","true","84","80","0","2.8939592256975564","0.9417111450308193","0.9260669522232181","59","1.6769879117876858","391","0.830761453883364","1.1999557400177128","0.23426480573707045","1","1","1","","false"
"155","2026-05-21T18:34:51.982Z","File 353","50","450","true","84","80","0","2.8963578661638274","0.9675365271340556","0.9268345171724143","59","1.7381684994515707","391","0.8512519072702914","0.9268345171724143","2.0662504131470742e-190","1","1","0.8","","false"
"156","2026-05-21T18:34:53.560Z","File 356","50","450","true","84","80","0","2.8987545218210142","0.9052906448904267","0.8821998993633642","59","1.9637375629525133","391","0.7455761483030532","2.8987545218210142","2.81916295048628e-54","1","1","1","#FF6B6B","true"
"157","2026-05-21T18:34:55.982Z","File 398","50","450","true","84","81","0","2.901149204492021","0.9864248407980549","0.9283677432282247","59","1.719970157847094","391","0.8757364169978157","0.9283677432282247","3.136988357237523e-88","1","1","0.8","","false"
"158","2026-05-21T18:34:57.623Z","File 018","50","450","true","84","80","0","2.941949401019799","0.9112790175251533","0.8381803483119228","59","1.7972786043127325","391","0.777585985247743","2.0533066836602623","0.0006001197470123809","1","1","1","#6BCB77","true"
"159","2026-05-21T18:34:58.991Z","File 410","50","450","true","84","81","0","2.0341528403192037","0.9011021942551278","0.9298984412886772","59","1.0684740337091803","391","0.8758465969973523","0.9298984412886772","6.096542709417836e-205","1","1","0.8","","false"
"160","2026-05-21T18:35:00.501Z","File 006","50","450","true","84","81","0","2.9083213944358577","0.8851145951723137","0.8225989528008392","59","1.5968200028435662","391","0.7777217075697498","1.6791201399674904","1.9015017019433661e-59","1","1","1","#FF6B6B","true"
"161","2026-05-21T18:35:02.406Z","File 125","50","450","true","84","82","0","2.037499933464821","0.9194453313448478","0.9314266238172257","59","1.3681787957447338","391","0.8517336321131511","2.0374957396001814","1.7230281882086733e-114","1","0.7","1","#6BCB77","true"
"162","2026-05-21T18:35:07.621Z","File 324","50","450","true","84","82","0","2.0391651341779986","0.8431609480052796","0.9321897756239219","59","1.0233062210329782","391","0.8159779016916378","0.6591577116964413","3.4282891520350636e-144","1","1","0.8","","false"
"163","2026-05-21T18:35:12.549Z","File 330","50","450","true","84","81","0","2.0408331631958547","0.8225974348131625","0.824621125123532","59","1.3601820458705964","391","0.7414785293083302","0.6018566640929688","0.20592424643419874","1","1","0.5","","false"
"164","2026-05-21T18:35:14.508Z","File 107","50","450","true","84","81","0","2.917856900001933","0.8619593415805998","0.8252945602093298","59","1.5430004936168578","391","0.7591935411454604","1.1554131933946514","0.000004481733314208731","1","0.7","0.8","#6BCB77","true"
"165","2026-05-21T18:35:16.749Z","File 266","50","450","true","84","82","0","2.9202359113225422","0.8869815648171878","0.9344754916232125","59","1.2370594052943413","391","0.8341565198347052","1.1680943645290156","3.0233689446149215e-107","1","1","1","","false"
"166","2026-05-21T18:35:19.550Z","File 422","50","450","true","84","81","0","2.9226129861250305","0.9221751557386244","0.9352361555600098","59","1.5724615413210374","391","0.8240501001136555","0.9352361555600098","9.335509037914797e-35","1","1","0.8","","false"
"167","2026-05-21T18:35:21.928Z","File 168","50","450","true","84","81","0","2.9249881291307074","0.8354796147328335","0.8273115763993905","59","1.4819759976305293","391","0.7379264520960993","0.8273115763993905","6.961248457839028e-18","1","1","1","","false"
"168","2026-05-21T18:35:24.377Z","File 280","50","450","true","84","81","0","2.9273614050633117","0.999168477255357","0.9367556304133493","59","1.9268870660215476","391","0.8591802503059822","0.9367556304133493","8.997383762131074e-54","1","1","0.8","","false"
"169","2026-05-21T18:35:26.794Z","File 114","50","450","true","84","81","0","2.9297326385411577","0.9880430609460962","0.9375144443366357","59","1.9498232050207973","391","0.8429151108171747","0.9375803511755401","0.0004499171119068128","1","1","0.8","","false"
"170","2026-05-21T18:35:28.264Z","File 234","50","450","true","84","81","0","2.932102014293197","0.9075562106931426","0.8817586348634909","59","1.869839502177562","391","0.7623523380650592","1.4662333670990741","0.0007960866914957304","1","1","0.5","#FF6B6B","true"
"171","2026-05-21T18:35:30.364Z","File 314","50","450","true","84","82","0","2.9344694769437263","0.8750454382868825","0.8299933065325822","59","1.5917952750969617","391","0.7668913708398355","0.6486680043168913","0.6736384553447268","1","1","0.5","","false"
"172","2026-05-21T18:35:31.913Z","File 210","50","450","true","84","81","0","2.936835031557616","0.9275743260158628","0.8306623862918074","59","1.8376691949503472","391","0.7902454327495345","1.174734012447073","2.568290565321699e-102","1","1","1","","false"
"173","2026-05-21T18:35:34.532Z","File 068","50","450","true","84","82","0","3.3971902575718285","0.9879151010288983","0.9405435780559146","59","1.8915400390127184","391","0.8515624889034642","1.1756794725698931","6.062030411756795e-20","1","1","1","","false"
"174","2026-05-21T18:35:37.365Z","File 084","50","450","true","84","82","0","2.9415604324537985","1.0121250144305054","0.9412993383859336","59","2.148371829865129","391","0.8406708913853836","1.1766241729815194","6.275475376439918e-70","1","1","1","","false"
"175","2026-05-21T18:35:39.391Z","File 233","50","450","true","84","82","0","2.9475592317235124","1.1047934529878152","1.1775681155103797","59","2.2972772715698846","391","0.9248534394421825","1.1775681155103797","1.7230281882086733e-114","1","1","1","","false"
"176","2026-05-21T18:35:41.226Z","File 329","50","450","true","84","82","0","2.9462782549439486","0.9269992012324579","0.8333333333333334","59","2.011462389417815","391","0.7633589759052577","0.36258392156043323","0.0004499171119068128","0.8701402412787413","1","0.5","","false"
"177","2026-05-21T18:35:43.155Z","File 055","50","450","true","84","81","0","2.9486795525212286","0.9438418850867569","0.833999733546456","59","2.017162273759458","391","0.7818830540594188","1.1794537341969422","6.275475376439918e-70","1","1","1","","false"
"178","2026-05-21T18:35:46.010Z","File 437","50","450","true","84","81","0","3.2818288768213733","1.0760009630811875","0.9443163311800413","59","2.262364713692686","391","0.8969844380528542","0.9443163311800413","1.7731264214803528e-95","1","1","0.8","","false"
"179","2026-05-21T18:35:47.477Z","File 244","50","450","true","84","81","0","3.1430525335109856","0.9506934368462769","0.835331279705974","59","2.0275997977613636","391","0.788193500033003","0.590668171555645","9.996868096133463e-158","1","1","0.5","","false"
"180","2026-05-21T18:35:49.893Z","File 104","50","450","true","84","81","0","2.95569130849476","0.9505944899606384","0.8359957469322968","59","2.0331466788377335","391","0.7872426251428668","0.59113826169894","2.0375874600893606e-176","1","1","0.5","","false"
"181","2026-05-21T18:35:53.596Z","File 363","50","450","true","84","81","0","3.2693913639547603","0.9602845424514559","0.8536978086615044","59","2.0431851807638384","391","0.7968800983071364","1.2995010145863464","0.6289843936107192","1","1","1","","false"
"182","2026-05-21T18:35:55.924Z","File 118","50","450","true","84","81","0","2.9603866113886017","1.0109049727749746","0.9473237157152661","59","2.056932241084164","391","0.8530645409840714","1.1841546445554407","7.841433258596573e-57","1","1","1","","false"
"183","2026-05-21T18:35:57.414Z","File 052","50","450","true","84","81","0","2.9627314724388536","0.9697552203964326","0.9480740711803295","59","2.025529816172337","391","0.8104439642563348","1.1850925889754118","4.700252589990554e-38","1","1","1","","false"
"184","2026-05-21T18:35:59.765Z","File 075","50","450","true","84","81","0","3.3537622787560943","1.1022692174793194","1.1860297916438132","59","2.2862798529870862","391","0.9236077660855645","1.1860297916438132","2.416150936402515e-19","1","1","1","","false"
"185","2026-05-21T18:36:02.082Z","File 389","50","450","true","84","81","0","3.419766147778029","1.1345955179712441","1.1869662543176571","59","2.3602861419844374","391","0.9496447588490479","1.1869662543176571","6.019436551453892e-42","1","1","1","","false"
"186","2026-05-21T18:36:03.763Z","File 027","50","450","true","84","82","0","2.9806043148147916","0.9491234850606854","0.8399735445569784","59","2.033147190638129","391","0.785549575523421","1.1879019787470306","2.4146135200868595e-49","1","1","1","","false"
"187","2026-05-21T18:36:06.813Z","File 341","50","450","true","84","82","0","2.972092416696034","1.0524707000713605","0.9510695733401072","59","2.1294945074556617","391","0.8899530411565943","0.9510695733401072","1.1866594142607253e-80","1","1","0.8","","false"
"188","2026-05-21T18:36:08.625Z","File 089","50","450","true","84","82","0","2.974513308947395","0.9397413478238499","0.8412952976082642","59","1.983590357359132","391","0.782229604697045","0.4206476488041321","1.7693813937834647e-130","1","1","0.5","","false"
"189","2026-05-21T18:36:10.510Z","File 396","50","450","true","84","82","0","3.1679780034173373","0.9473680925326647","0.8420244802579059","59","1.992865572473193","391","0.7896076032321756","2.976761849915292","3.0297681304973024e-72","1","1","1","#6BCB77","true"
"190","2026-05-21T18:36:12.371Z","File 141","50","450","true","84","83","0","2.9793032509045694","0.8838467615435532","0.9533100230250388","59","1.2442791473441988","391","0.829459265987955","0.5503937984146745","3.0297681304973024e-72","1","0.4","0.8","#6BCB77","true"
"191","2026-05-21T18:36:14.060Z","File 257","50","450","true","84","83","0","2.9814239699997196","0.8140019269110458","0.68848390956383","59","1.1435999780985941","391","0.7642671826141997","1.1925695879998879","2.0375874600893606e-176","1","1","1","","false"
"192","2026-05-21T18:36:16.421Z","File 022","50","450","true","84","83","0","2.9837522983280262","0.9218429005696589","0.9548007354649685","59","1.5837897252595234","391","0.8219583413453583","1.1935009193312105","1.7290794230403477e-91","1","1","1","","false"
"193","2026-05-21T18:36:17.765Z","File 041","50","450","true","84","83","0","2.986078811199697","0.97623537967075","0.9555452195823423","59","1.711942980321902","391","0.8652206777822131","0.8445906306213286","1.9463266273143046e-47","1","1","1","","false"
"194","2026-05-21T18:36:19.688Z","File 189","50","450","true","84","83","0","2.9884035128401853","1.0921026106620038","1.195361405136074","59","2.316776282633577","391","0.9073053046611809","2.1131203888509944","1.7004768330435544e-166","1","1","1","#6BCB77","true"
"195","2026-05-21T18:36:21.980Z","File 392","50","450","true","84","84","0","2.990726407592104","0.9758205689397451","1.1962905629950906","59","1.2555551002931264","391","0.9336099874823284","1.1962905629950906","1.8593461184682504e-120","1","0.4","1","#6BCB77","true"
"196","2026-05-21T18:36:24.430Z","File 204","50","450","true","84","84","0","2.9930474993446623","0.8080185726863143","0.6985853365913532","59","1.099401387891388","391","0.7640503217985921","1.1972189997378648","1.3504311376046178e-77","1","1","1","","false"
"197","2026-05-21T18:36:26.535Z","File 385","50","450","true","84","83","0","3.3311824564037202","0.9381902745699034","0.9585173736326095","59","1.557710210555118","391","0.8447077266846666","0.9585173736326095","2.6389582136201846e-64","1","1","0.8","","false"
"198","2026-05-21T18:36:28.015Z","File 114","50","450","true","84","83","0","2.997684291434158","0.8690587350927603","0.8478731561317936","59","1.5335637171594232","391","0.768788162351243","0.15153903199674887","5.0932946690669994e-145","0.3574568457577011","1","0.5","","false"
"199","2026-05-21T18:36:30.206Z","File 355","50","450","true","84","82","0","3","0.9323201091536121","0.848528137423857","59","1.974513191241518","391","0.7750582374319099","0.6","9.277785155837362e-17","1","1","0.5","","false"
"200","2026-05-21T18:36:32.147Z","File 313","50","450","true","84","82","0","3.0185961212256567","0.954241421962909","0.8491826135237998","59","2.024799251399224","391","0.7926994477001412","1.5011569612209852","2.307758638989672e-191","1","1","0.5","#6BCB77","true"