pickNumber,name,openedAt
"1","File 315","2026-05-21T18:28:44.859Z"
"2","File 147","2026-05-21T18:28:47.660Z"
"3","File 105","2026-05-21T18:29:28.100Z"
"4","File 018","2026-05-21T18:29:30.171Z"
"5","File 340","2026-05-21T18:29:31.960Z"
"6","File 346","2026-05-21T18:29:33.549Z"
"7","File 282","2026-05-21T18:29:35.012Z"
"8","File 165","2026-05-21T18:29:37.945Z"
"9","File 153","2026-05-21T18:29:39.277Z"
"10","File 058","2026-05-21T18:29:40.880Z"
"11","File 322","2026-05-21T18:29:44.277Z"
"12","File 196","2026-05-21T18:29:46.624Z"
"13","File 242","2026-05-21T18:29:48.952Z"
"14","File 302","2026-05-21T18:29:50.338Z"
"15","File 423","2026-05-21T18:29:51.737Z"
"16","File 060","2026-05-21T18:29:54.041Z"
"17","File 324","2026-05-21T18:29:56.297Z"
"18","File 172","2026-05-21T18:29:57.622Z"
"19","File 360","2026-05-21T18:29:59.000Z"
"20","File 357","2026-05-21T18:30:00.664Z"
"21","File 062","2026-05-21T18:30:02.785Z"
"22","File 371","2026-05-21T18:30:05.390Z"
"23","File 168","2026-05-21T18:30:06.864Z"
"24","File 129","2026-05-21T18:30:09.352Z"
"25","File 299","2026-05-21T18:30:10.900Z"
"26","File 151","2026-05-21T18:30:12.546Z"
"27","File 042","2026-05-21T18:30:14.004Z"
"28","File 344","2026-05-21T18:30:16.440Z"
"29","File 107","2026-05-21T18:30:18.073Z"
"30","File 089","2026-05-21T18:30:19.449Z"
"31","File 217","2026-05-21T18:30:21.059Z"
"32","File 352","2026-05-21T18:30:23.138Z"
"33","File 418","2026-05-21T18:30:24.502Z"
"34","File 224","2026-05-21T18:30:26.751Z"
"35","File 259","2026-05-21T18:30:28.260Z"
"36","File 194","2026-05-21T18:30:29.640Z"
"37","File 003","2026-05-21T18:30:31.687Z"
"38","File 006","2026-05-21T18:30:33.071Z"
"39","File 228","2026-05-21T18:30:34.872Z"
"40","File 235","2026-05-21T18:30:36.475Z"
"41","File 056","2026-05-21T18:30:37.869Z"
"42","File 348","2026-05-21T18:30:39.635Z"
"43","File 331","2026-05-21T18:30:40.960Z"
"44","File 141","2026-05-21T18:30:42.371Z"
"45","File 006","2026-05-21T18:30:43.745Z"
"46","File 366","2026-05-21T18:30:45.439Z"
"47","File 171","2026-05-21T18:30:46.867Z"
"48","File 426","2026-05-21T18:30:48.353Z"
"49","File 025","2026-05-21T18:30:49.753Z"
"50","File 357","2026-05-21T18:30:51.409Z"
"51","File 192","2026-05-21T18:30:53.044Z"
"52","File 438","2026-05-21T18:30:55.184Z"
"53","File 430","2026-05-21T18:30:56.699Z"
"54","File 311","2026-05-21T18:30:58.927Z"
"55","File 223","2026-05-21T18:31:00.682Z"
"56","File 187","2026-05-21T18:31:02.279Z"
"57","File 277","2026-05-21T18:31:03.727Z"
"58","File 126","2026-05-21T18:31:05.460Z"
"59","File 024","2026-05-21T18:31:07.087Z"
"60","File 002","2026-05-21T18:31:09.192Z"
"61","File 394","2026-05-21T18:31:11.421Z"
"62","File 429","2026-05-21T18:31:13.152Z"
"63","File 105","2026-05-21T18:31:14.797Z"
"64","File 111","2026-05-21T18:31:16.624Z"
"65","File 041","2026-05-21T18:31:18.412Z"
"66","File 103","2026-05-21T18:31:22.426Z"
"67","File 318","2026-05-21T18:31:26.762Z"
"68","File 185","2026-05-21T18:31:29.323Z"
"69","File 010","2026-05-21T18:31:31.126Z"
"70","File 377","2026-05-21T18:31:33.607Z"
"71","File 449","2026-05-21T18:31:35.212Z"
"72","File 209","2026-05-21T18:31:36.662Z"
"73","File 370","2026-05-21T18:31:38.904Z"
"74","File 106","2026-05-21T18:31:41.301Z"
"75","File 358","2026-05-21T18:31:42.692Z"
"76","File 329","2026-05-21T18:31:44.259Z"
"77","File 305","2026-05-21T18:31:45.666Z"
"78","File 272","2026-05-21T18:31:47.057Z"
"79","File 274","2026-05-21T18:31:49.316Z"
"80","File 121","2026-05-21T18:31:51.620Z"
"81","File 030","2026-05-21T18:31:53.200Z"
"82","File 414","2026-05-21T18:31:55.092Z"
"83","File 261","2026-05-21T18:31:57.225Z"
"84","File 200","2026-05-21T18:31:59.471Z"
"85","File 350","2026-05-21T18:32:01.775Z"
"86","File 011","2026-05-21T18:32:04.167Z"
"87","File 237","2026-05-21T18:32:06.604Z"
"88","File 069","2026-05-21T18:32:08.985Z"
"89","File 335","2026-05-21T18:32:11.555Z"
"90","File 116","2026-05-21T18:32:13.333Z"
"91","File 095","2026-05-21T18:32:15.286Z"
"92","File 412","2026-05-21T18:32:33.621Z"
"93","File 360","2026-05-21T18:32:35.814Z"
"94","File 304","2026-05-21T18:32:37.958Z"
"95","File 180","2026-05-21T18:32:41.095Z"
"96","File 258","2026-05-21T18:32:43.609Z"
"97","File 177","2026-05-21T18:32:45.972Z"
"98","File 074","2026-05-21T18:32:48.241Z"
"99","File 193","2026-05-21T18:32:50.098Z"
"100","File 008","2026-05-21T18:32:52.386Z"
"101","File 012","2026-05-21T18:32:54.876Z"
"102","File 312","2026-05-21T18:32:56.902Z"
"103","File 032","2026-05-21T18:32:58.692Z"
"104","File 366","2026-05-21T18:33:00.618Z"
"105","File 359","2026-05-21T18:33:02.297Z"
"106","File 167","2026-05-21T18:33:04.967Z"
"107","File 435","2026-05-21T18:33:07.449Z"
"108","File 213","2026-05-21T18:33:09.809Z"
"109","File 383","2026-05-21T18:33:12.455Z"
"110","File 195","2026-05-21T18:33:14.652Z"
"111","File 368","2026-05-21T18:33:17.231Z"
"112","File 093","2026-05-21T18:33:19.727Z"
"113","File 030","2026-05-21T18:33:21.590Z"
"114","File 393","2026-05-21T18:33:23.812Z"
"115","File 126","2026-05-21T18:33:25.678Z"
"116","File 249","2026-05-21T18:33:27.795Z"
"117","File 070","2026-05-21T18:33:29.940Z"
"118","File 429","2026-05-21T18:33:32.723Z"
"119","File 163","2026-05-21T18:33:35.211Z"
"120","File 141","2026-05-21T18:33:37.561Z"
"121","File 071","2026-05-21T18:33:39.691Z"
"122","File 395","2026-05-21T18:33:41.762Z"
"123","File 194","2026-05-21T18:33:44.228Z"
"124","File 402","2026-05-21T18:33:47.333Z"
"125","File 303","2026-05-21T18:33:48.950Z"
"126","File 225","2026-05-21T18:33:50.902Z"
"127","File 298","2026-05-21T18:33:52.507Z"
"128","File 382","2026-05-21T18:33:54.390Z"
"129","File 416","2026-05-21T18:33:56.375Z"
"130","File 236","2026-05-21T18:33:58.799Z"
"131","File 265","2026-05-21T18:34:00.760Z"
"132","File 206","2026-05-21T18:34:03.179Z"
"133","File 424","2026-05-21T18:34:05.353Z"
"134","File 044","2026-05-21T18:34:07.511Z"
"135","File 183","2026-05-21T18:34:10.607Z"
"136","File 215","2026-05-21T18:34:12.377Z"
"137","File 335","2026-05-21T18:34:14.598Z"
"138","File 185","2026-05-21T18:34:16.124Z"
"139","File 016","2026-05-21T18:34:18.395Z"
"140","File 297","2026-05-21T18:34:20.391Z"
"141","File 190","2026-05-21T18:34:21.905Z"
"142","File 048","2026-05-21T18:34:24.235Z"
"143","File 148","2026-05-21T18:34:27.373Z"
"144","File 110","2026-05-21T18:34:29.168Z"
"145","File 189","2026-05-21T18:34:31.476Z"
"146","File 081","2026-05-21T18:34:33.807Z"
"147","File 428","2026-05-21T18:34:35.863Z"
"148","File 260","2026-05-21T18:34:37.724Z"
"149","File 436","2026-05-21T18:34:40.102Z"
"150","File 365","2026-05-21T18:34:41.996Z"
"151","File 045","2026-05-21T18:34:43.532Z"
"152","File 349","2026-05-21T18:34:47.029Z"
"153","File 100","2026-05-21T18:34:48.679Z"
"154","File 019","2026-05-21T18:34:50.491Z"
"155","File 353","2026-05-21T18:34:51.982Z"
"156","File 356","2026-05-21T18:34:53.560Z"
"157","File 398","2026-05-21T18:34:55.982Z"
"158","File 018","2026-05-21T18:34:57.623Z"
"159","File 410","2026-05-21T18:34:58.991Z"
"160","File 006","2026-05-21T18:35:00.501Z"
"161","File 125","2026-05-21T18:35:02.406Z"
"162","File 324","2026-05-21T18:35:07.621Z"
"163","File 330","2026-05-21T18:35:12.549Z"
"164","File 107","2026-05-21T18:35:14.508Z"
"165","File 266","2026-05-21T18:35:16.749Z"
"166","File 422","2026-05-21T18:35:19.550Z"
"167","File 168","2026-05-21T18:35:21.928Z"
"168","File 280","2026-05-21T18:35:24.377Z"
"169","File 114","2026-05-21T18:35:26.794Z"
"170","File 234","2026-05-21T18:35:28.264Z"
"171","File 314","2026-05-21T18:35:30.364Z"
"172","File 210","2026-05-21T18:35:31.913Z"
"173","File 068","2026-05-21T18:35:34.532Z"
"174","File 084","2026-05-21T18:35:37.365Z"
"175","File 233","2026-05-21T18:35:39.391Z"
"176","File 329","2026-05-21T18:35:41.226Z"
"177","File 055","2026-05-21T18:35:43.155Z"
"178","File 437","2026-05-21T18:35:46.010Z"
"179","File 244","2026-05-21T18:35:47.477Z"
"180","File 104","2026-05-21T18:35:49.893Z"
"181","File 363","2026-05-21T18:35:53.596Z"
"182","File 118","2026-05-21T18:35:55.924Z"
"183","File 052","2026-05-21T18:35:57.414Z"
"184","File 075","2026-05-21T18:35:59.765Z"
"185","File 389","2026-05-21T18:36:02.082Z"
"186","File 027","2026-05-21T18:36:03.763Z"
"187","File 341","2026-05-21T18:36:06.813Z"
"188","File 089","2026-05-21T18:36:08.625Z"
"189","File 396","2026-05-21T18:36:10.510Z"
"190","File 141","2026-05-21T18:36:12.371Z"
"191","File 257","2026-05-21T18:36:14.060Z"
"192","File 022","2026-05-21T18:36:16.421Z"
"193","File 041","2026-05-21T18:36:17.765Z"
"194","File 189","2026-05-21T18:36:19.688Z"
"195","File 392","2026-05-21T18:36:21.980Z"
"196","File 204","2026-05-21T18:36:24.430Z"
"197","File 385","2026-05-21T18:36:26.535Z"
"198","File 114","2026-05-21T18:36:28.015Z"
"199","File 355","2026-05-21T18:36:30.206Z"
"200","File 313","2026-05-21T18:36:32.147Z"